power_dbm,avg_secrecy_rate
20,0.545926541000666
24,0.5495620201009602
28,0.044345231664703874
32,0.0019850766153831655
36,0.5510022898535701
